{
  "MSE": 25.287757873535156,
  "MAE": 3.882469654083252,
  "RMSE": 5.028693455912297,
  "R2": 0.935714518455822
}