{
  "train_losses": [
    0.001850607868618681,
    0.0017729718783812132,
    0.0017619477721382282,
    0.0017527869540572283,
    0.0017446467454647063,
    0.001737295152452134,
    0.001729518397951324,
    0.0017231585934496252,
    0.0017166283760161605,
    0.0017100401692005107,
    0.0017035874507200788,
    0.001697280447842786,
    0.0016906129867493291,
    0.0016841374736031867,
    0.0016782329221314285,
    0.001672299241363362,
    0.0016665093426126987,
    0.001660739216276852,
    0.0016550528480365756,
    0.0016494927822350292,
    0.0016438576303698937,
    0.0016383851198042976,
    0.0016332030418197974,
    0.0016278202538160258,
    0.0016226803445533733,
    0.001617619082935562,
    0.0016124918411151157,
    0.0016077376176326652,
    0.0016028022473619785,
    0.001598158599335875
  ],
  "test_losses": [
    0.0018234586862560648,
    0.001811563077633484,
    0.0017995947542098851,
    0.0017918116780212866,
    0.0017861118361067313,
    0.001774737754693398,
    0.0017692971204479153,
    0.0017625211397759044,
    0.0017553326145459253,
    0.0017497354688552709,
    0.0017409989467033972,
    0.0017337659418654556,
    0.001723828568803863,
    0.0017193300882354379,
    0.0017141760371697063,
    0.0017081799093060768,
    0.001702712714457168,
    0.0016983303357847035,
    0.001692911099570875,
    0.001689432869450404,
    0.0016831432093078126,
    0.0016784185292915655,
    0.0016743361260383748,
    0.001669911000555238,
    0.0016650009828691299,
    0.001660248416905793,
    0.0016549232308394634,
    0.001649834976818126,
    0.0016445832040447455,
    0.001638887172493224
  ],
  "mae_scores": [
    0.032930816237169966,
    0.032840994831461176,
    0.032740966631815985,
    0.0326702267361375,
    0.032614417015933074,
    0.0325102277386647,
    0.032453346209457286,
    0.032383951071936354,
    0.03231183819186229,
    0.03225231170654297,
    0.03216908320498008,
    0.03209828778814811,
    0.03200567635492636,
    0.031957363996368185,
    0.03190403840003105,
    0.031843067719959296,
    0.031788829499139235,
    0.03174700795744474,
    0.031690858949262365,
    0.03165339621213766,
    0.03159011212679056,
    0.031541881939539544,
    0.03149750757102783,
    0.03145209714197195,
    0.03140131957255877,
    0.03135233902587341,
    0.03129820869519161,
    0.03124706934277828,
    0.031194451336677257,
    0.03113945981917473
  ],
  "epochs": 30,
  "training_info": {
    "start_epoch": 170,
    "final_epoch": 30,
    "is_current_run_only": true
  }
}