{
  "train_losses": [
    0.0016209490158871631,
    0.0015957837185851531,
    0.0015892416959104594,
    0.001584140739396389,
    0.0015794869823366753,
    0.0015751002902106848,
    0.0015710901197962812,
    0.0015670279753976502,
    0.001562955657391285,
    0.0015595065933666774,
    0.0015560999290755717,
    0.0015526782281085616,
    0.0015494881745325984,
    0.0015462350584130036,
    0.0015434219521921477,
    0.0015403176666950458,
    0.0015380230252048932,
    0.0015347902617577347,
    0.0015319080484914593,
    0.0015293821124942042
  ],
  "test_losses": [
    0.0016735062638942439,
    0.0016645781266001554,
    0.0016551093072988666,
    0.001649898651521653,
    0.001644925147187538,
    0.0016404028999834107,
    0.001637380279134959,
    0.0016325449956079514,
    0.0016291330237156497,
    0.0016265342352338708,
    0.0016234843821551364,
    0.0016208067536354065,
    0.0016171266593468876,
    0.0016146890031030546,
    0.0016118225131112223,
    0.0016082590759301989,
    0.0016073123820555897,
    0.0016052010648239118,
    0.0016033513775955026,
    0.0016015024381116605
  ],
  "mae_scores": [
    0.03142543975263834,
    0.0313466195590221,
    0.031252605410722584,
    0.03120223583223728,
    0.03115186345978425,
    0.03110584494872735,
    0.03107594634191348,
    0.031026411801576614,
    0.030990730254695967,
    0.030967090995265886,
    0.030936624138401106,
    0.030909374786111023,
    0.03086992661253764,
    0.03084725012572912,
    0.030818105675280094,
    0.030784185904149827,
    0.03077543770464567,
    0.03075380214991478,
    0.030735602029241048,
    0.030719145416067198
  ],
  "epochs": 20,
  "training_info": {
    "start_epoch": 200,
    "final_epoch": 20,
    "is_current_run_only": true
  }
}