{
  "train_losses": [
    0.06389899188798154,
    0.017381243349518627,
    0.011316686715872493,
    0.006659875922196079,
    0.0057518366193107795,
    0.005681441281922162,
    0.005650007569784066,
    0.005618339822831331,
    0.005584090111369733,
    0.005530933260160964
  ],
  "test_losses": [
    0.022719405878048677,
    0.01702115788625983,
    0.009354065566395339,
    0.006396777444304182,
    0.006254509897329486,
    0.006252789619163825,
    0.006242854932609659,
    0.006217634305357933,
    0.0061714486218988895,
    0.006087080575525761
  ],
  "mae_scores": [
    0.1223797660607558,
    0.10507386091810006,
    0.07691929317437686,
    0.0635358987805935,
    0.06280859717382835,
    0.06279907905711578,
    0.06274219158177193,
    0.06259793816850735,
    0.06234493737037365,
    0.061890085299427695
  ],
  "epochs": 10,
  "training_info": {
    "start_epoch": 0,
    "final_epoch": 10,
    "is_current_run_only": true
  }
}