{
  "train_losses": [
    0.002198844086706231,
    0.00212705720878148,
    0.002113065868798003,
    0.0021019533669459634,
    0.002092050991450378,
    0.002083206516545033,
    0.002074780194561754,
    0.002066668946099526,
    0.0020582097731676186,
    0.0020508868929027813,
    0.00204318225132738,
    0.002035727886323002,
    0.002028690893894236,
    0.002021224458985671,
    0.0020131572036916623,
    0.002005849550187122,
    0.0019988175235994277,
    0.001991653999539267,
    0.001984954406907491,
    0.001977715092834842,
    0.001970531129700248,
    0.0019633453939604806,
    0.001956357774361095,
    0.0019493241843520082,
    0.0019425241252974956,
    0.0019356643033461296,
    0.0019286444448880502,
    0.001922049134009285,
    0.0019152261411363725,
    0.0019083985234829015
  ],
  "test_losses": [
    0.002453420373897713,
    0.00246237360764868,
    0.0024521844551110496,
    0.0024417191564750215,
    0.0024320509983226657,
    0.0024217638509491314,
    0.0024143401622915496,
    0.0024048118458057824,
    0.0023959689379598084,
    0.002389863303575951,
    0.0023794127090905723,
    0.0023686721509035965,
    0.002358311554417014,
    0.002347626033812188,
    0.0023369597754656123,
    0.0023266548165478385,
    0.002315958612598479,
    0.002305786644753355,
    0.0022923115443868134,
    0.0022797567340043876,
    0.002266948872532409,
    0.002253356291196094,
    0.0022367989429487633,
    0.002223883983858216,
    0.002208739666877171,
    0.0021943730669311034,
    0.002175640274519817,
    0.002162040000817237,
    0.0021446025169167956,
    0.0021301768720149994
  ],
  "mae_scores": [
    0.0387266782613901,
    0.038829514326957554,
    0.03875377115148764,
    0.038666872307658195,
    0.038586059012092076,
    0.038499741456829585,
    0.03843750002292486,
    0.03835816810337397,
    0.03828233996262917,
    0.038234409947807975,
    0.038142735281815894,
    0.03805001667485787,
    0.03796235486291922,
    0.037872085061210856,
    0.03777919609386187,
    0.037691767542408064,
    0.03759912043236769,
    0.037509312566656336,
    0.03739413747993799,
    0.03728373277072723,
    0.03717075460232221,
    0.03704682279091615,
    0.03690137556539132,
    0.03678874513850762,
    0.03665067986226999,
    0.03652294481602999,
    0.03635077178478241,
    0.03622744261072232,
    0.03606816409872128,
    0.035937449106803306
  ],
  "epochs": 30,
  "training_info": {
    "start_epoch": 120,
    "final_epoch": 30,
    "is_current_run_only": true
  }
}