{
  "train_losses": [
    0.0023459762869606493,
    0.0022595290620301967,
    0.0022443360421675607,
    0.0022332868220473756,
    0.002223603527454543,
    0.002214861337961338,
    0.002206169745477382,
    0.0021977479327688343,
    0.0021899560533711337,
    0.0021815062282257713,
    0.0021733374142058892,
    0.0021656543358403724,
    0.002157564402295975,
    0.0021496577601283207,
    0.0021417897087303572,
    0.0021338935221137945,
    0.0021265974173729774,
    0.002118971015079296,
    0.002111006010636629,
    0.002103372752571886
  ],
  "test_losses": [
    0.0023559863643290904,
    0.0023285245988518,
    0.0023121693923782846,
    0.002299346593925013,
    0.0022884288963933405,
    0.002278715936252131,
    0.0022693194914609194,
    0.002260066855412263,
    0.00225219084845426,
    0.002243696895535462,
    0.002236310603061261,
    0.0022288572777492497,
    0.002221489625159078,
    0.002213389850042474,
    0.0022067668973110043,
    0.0022008971382792178,
    0.002197149384301156,
    0.0021907944062079946,
    0.002184909562437007,
    0.0021784673892677976
  ],
  "mae_scores": [
    0.03778380212875513,
    0.037581110946260966,
    0.037449096830991596,
    0.037334576822244205,
    0.037232353137089655,
    0.0371436568406912,
    0.037055361012999825,
    0.03696984683091824,
    0.036894634509315856,
    0.03681268743597544,
    0.036743967865522094,
    0.03667114001627152,
    0.036600628294623815,
    0.03652526080035246,
    0.036461317052061744,
    0.03640465567318293,
    0.03636487559057199,
    0.036306173039170414,
    0.03624956367107538,
    0.03618897483325922
  ],
  "epochs": 20,
  "training_info": {
    "start_epoch": 100,
    "final_epoch": 20,
    "is_current_run_only": true
  }
}