{
  "train_losses": [
    0.003847392532406957,
    0.0038156818718562135,
    0.003776663554162951,
    0.0037375329520727973,
    0.0036954515126126353,
    0.003650121501777903,
    0.0036039168808201794,
    0.0035546181261452148,
    0.003507947725665872,
    0.003458860735918279
  ],
  "test_losses": [
    0.004122914432977827,
    0.00404467315484698,
    0.003978153950391481,
    0.00391479460701633,
    0.003860744173065401,
    0.0038135307035050713,
    0.003762559759287307,
    0.003744175980010858,
    0.003709139982954814,
    0.0036826379185255905
  ],
  "mae_scores": [
    0.05085782018991617,
    0.05037577235354827,
    0.04994597371954184,
    0.04953968596573059,
    0.049185834968319304,
    0.04887786908791615,
    0.04853720461519865,
    0.04843003331468655,
    0.04820034022514637,
    0.04803923847010502
  ],
  "epochs": 10,
  "training_info": {
    "start_epoch": 40,
    "final_epoch": 10,
    "is_current_run_only": true
  }
}