{
  "train_losses": [
    0.001995818151954154,
    0.0018738326880338718,
    0.0018619353495523683,
    0.001853209470937145,
    0.0018453508746461011,
    0.0018378024506091606,
    0.00183065030068974,
    0.0018237220847368008,
    0.001816522839362733,
    0.0018092491263814736,
    0.001802846528335067,
    0.0017963534010050353,
    0.0017899594940899988,
    0.001783405907190172,
    0.0017769818932720227,
    0.0017710282991174608,
    0.0017645534553594189,
    0.0017583877988727181,
    0.00175192460847029,
    0.001745372900586517
  ],
  "test_losses": [
    0.0019338992289983882,
    0.0019263729247121285,
    0.0019221272847901743,
    0.0019179893782935464,
    0.0019139862538745196,
    0.0019083514164846677,
    0.0019041319565775876,
    0.0018964418648885419,
    0.0018877741441918681,
    0.001880838970044771,
    0.0018737315952491302,
    0.00186890668164079,
    0.001861914038622322,
    0.0018565232435671182,
    0.001849741858537667,
    0.001844621872386107,
    0.0018378782999486877,
    0.001832419979529312,
    0.0018246794665733783,
    0.0018168521659950225
  ],
  "mae_scores": [
    0.03398858354641841,
    0.03397746384143829,
    0.03397126252261492,
    0.03395292026778826,
    0.03393123456491874,
    0.03388545697984787,
    0.033856809282532103,
    0.03378759059481896,
    0.03370876631771143,
    0.03364619197180638,
    0.03358293073968245,
    0.03354683059912462,
    0.0334816759882065,
    0.03343597692079269,
    0.033374410767394766,
    0.033328279852867126,
    0.03326633866303242,
    0.033214106367757686,
    0.03314360109372781,
    0.03306584855398306
  ],
  "epochs": 20,
  "training_info": {
    "start_epoch": 150,
    "final_epoch": 20,
    "is_current_run_only": true
  }
}