{
  "train_losses": [
    0.001600695441084099,
    0.0015267796798070776,
    0.0015181710887191002,
    0.0015119038107513916,
    0.0015071676634761388,
    0.0015029654641693924,
    0.001499311595580366,
    0.0014957472203604993,
    0.0014924114429959445,
    0.0014893311699779588,
    0.0014863197611703072,
    0.0014834823541605147,
    0.0014806482131461962,
    0.0014780607680222602,
    0.001475747943004535,
    0.0014732602858202881,
    0.0014710736732013174,
    0.0014687425828014966,
    0.0014667900741187623,
    0.0014643036474808468
  ],
  "test_losses": [
    0.0016671949325917433,
    0.0016602186101058929,
    0.0016550729230332833,
    0.0016502295710289707,
    0.0016465618839272512,
    0.0016436856598235094,
    0.001640547098269543,
    0.0016366721202547734,
    0.0016337855933950497,
    0.0016314405141971433,
    0.0016277963026928215,
    0.0016256919032177674,
    0.001622982923156367,
    0.001621368193389991,
    0.0016190057056239592,
    0.0016161259442854386,
    0.0016143693669269292,
    0.00161156082042278,
    0.0016100144712254405,
    0.001606696697238546
  ],
  "mae_scores": [
    0.031527343492668405,
    0.031461826453988366,
    0.03140787572528307,
    0.03135435677205141,
    0.031316813153143115,
    0.03128576651215553,
    0.031253939566130824,
    0.03121180273592472,
    0.031179498666181013,
    0.031154735013842583,
    0.03111597952934412,
    0.031092713658626262,
    0.031064303520207222,
    0.03104821048103846,
    0.031023528856726792,
    0.030992334207090046,
    0.03097643767698453,
    0.03094622829499153,
    0.030931254633917257,
    0.03089434331139693
  ],
  "epochs": 20,
  "training_info": {
    "start_epoch": 220,
    "final_epoch": 20,
    "is_current_run_only": true
  }
}