{
  "train_losses": [
    0.0042052272910950705,
    0.00412003715064202,
    0.004099492203749833,
    0.0040837519209162565,
    0.004070453092936077,
    0.004058199550854624,
    0.004046292478960822,
    0.004035215166368289,
    0.004024725341878366,
    0.004014313339212094
  ],
  "test_losses": [
    0.0046155991193910055,
    0.004551175695199233,
    0.004513360747995858,
    0.0044825207621145705,
    0.004457531478972389,
    0.004436721317828274,
    0.004417566421370094,
    0.00439993329704381,
    0.0043876199051737785,
    0.004373152910445172
  ],
  "mae_scores": [
    0.053840042306826666,
    0.05353246485957733,
    0.05333244270430161,
    0.053159005080278106,
    0.05301657476677345,
    0.05289624488124481,
    0.052781025520884074,
    0.052675752399059445,
    0.052602360025048256,
    0.05251213048513119
  ],
  "epochs": 10,
  "training_info": {
    "start_epoch": 20,
    "final_epoch": 10,
    "is_current_run_only": true
  }
}