{
  "train_losses": [
    0.005623610471957363,
    0.005338316928828135,
    0.005073428728792351,
    0.004760822352182004,
    0.00448505996428139,
    0.004321637539760559,
    0.004245094789439463,
    0.004207055544611649,
    0.004183007789833937,
    0.004164688987657428
  ],
  "test_losses": [
    0.005624326393724634,
    0.005355970092261067,
    0.0049783297133846926,
    0.004533586871380417,
    0.004266309247423823,
    0.004143941699742124,
    0.004092806162169347,
    0.00406573919686847,
    0.00404834240460052,
    0.0040363239016957
  ],
  "mae_scores": [
    0.05957105856102247,
    0.058054888334411844,
    0.05587520049168514,
    0.053182826878932804,
    0.05152480132304705,
    0.05079263878556398,
    0.050520541289677985,
    0.0503983973310544,
    0.050330283120274544,
    0.05028782971203327
  ],
  "epochs": 10,
  "training_info": {
    "start_epoch": 10,
    "final_epoch": 10,
    "is_current_run_only": true
  }
}