{
  "train_losses": [
    0.004129042470594868,
    0.004033682098452118,
    0.00401660942043236,
    0.004001334726126515,
    0.003985448498497135,
    0.003968742057622876,
    0.003950537238779361,
    0.003930871345801279,
    0.003909143966666306,
    0.0038848263247928116
  ],
  "test_losses": [
    0.004387244089649847,
    0.004345088364341511,
    0.004326414218387351,
    0.004312029090495064,
    0.004295306513085961,
    0.004275862449923387,
    0.0042489663464948535,
    0.0042139851273252414,
    0.00417337879144515,
    0.004130600253120065
  ],
  "mae_scores": [
    0.05252209219795007,
    0.0522934661175196,
    0.05222473522791496,
    0.05216296260746626,
    0.05207842789017237,
    0.051965489553717464,
    0.05179320118175103,
    0.05156294414057182,
    0.05128832104114386,
    0.05098604855055992
  ],
  "epochs": 10,
  "training_info": {
    "start_epoch": 30,
    "final_epoch": 10,
    "is_current_run_only": true
  }
}