{
  "train_losses": [
    0.0015412853890666156,
    0.001487957075369195,
    0.001483260455643176,
    0.0014803399899392389,
    0.0014779714147152845,
    0.0014760845560886082,
    0.0014741953755219583,
    0.0014722531577717746,
    0.001470271757170849,
    0.0014685027863379219,
    0.0014667047244074638,
    0.0014646403942606412,
    0.0014630695623054635,
    0.0014613117027693079,
    0.0014598810366805992,
    0.0014581554196411162,
    0.0014564763068847242,
    0.0014549935840477701,
    0.0014534457504851162,
    0.0014520025370075018
  ],
  "test_losses": [
    0.0014455372942253374,
    0.0014412773665613853,
    0.0014391192951454567,
    0.0014373536597794066,
    0.0014362740330398083,
    0.001435232089044383,
    0.0014337888211370087,
    0.0014327805077370543,
    0.001431724786436042,
    0.0014309456992822771,
    0.001429913117765234,
    0.0014285880920047371,
    0.0014274910387869638,
    0.001426699642951672,
    0.001424994664445806,
    0.00142376425747688,
    0.0014215758150944917,
    0.0014200748186200284,
    0.0014182810823862942,
    0.001417358979009665
  ],
  "mae_scores": [
    0.02905923307228547,
    0.029002886193876084,
    0.028975870890113022,
    0.028956369353601567,
    0.028945368284789417,
    0.028937653208581302,
    0.028923148575883646,
    0.028913324627165612,
    0.028902635766336553,
    0.028895624411793854,
    0.028885466118271533,
    0.028872888033779767,
    0.028862417532274358,
    0.02885265240015892,
    0.028835221838492613,
    0.02882269354393849,
    0.028799717744382527,
    0.028785122773395136,
    0.028766676998482302,
    0.02875995485541912
  ],
  "epochs": 20,
  "training_info": {
    "start_epoch": 260,
    "final_epoch": 20,
    "is_current_run_only": true
  }
}