{
  "train_losses": [
    0.0035265827464172617,
    0.0033836122183856787,
    0.003328451424749801,
    0.0032807783372845734,
    0.0032378378600697033,
    0.003199269145625294,
    0.003163856377796037,
    0.0031310211907111807,
    0.0030999027767393272,
    0.0030713665273651714,
    0.0030438416615652386,
    0.0030197108044376364,
    0.002994197937368881,
    0.002970006089526578,
    0.0029479160693881568,
    0.0029271722814883105,
    0.002906767727836268,
    0.002887085456677596,
    0.0028682639112957986,
    0.002849713762770989
  ],
  "test_losses": [
    0.0035529622288707355,
    0.0035205023864714,
    0.003516008880419227,
    0.0035025740239339378,
    0.003466908855793568,
    0.0034219115399397337,
    0.0033706289608604633,
    0.0033190495137555096,
    0.0032701138854743196,
    0.0032312010791009436,
    0.003201650509324211,
    0.003177386816017903,
    0.0031554588259985815,
    0.003135404522674015,
    0.003115860243829397,
    0.003097242738406819,
    0.0030788541502820756,
    0.003065237497839217,
    0.0030545357775946078,
    0.0030453476714543425
  ],
  "mae_scores": [
    0.04721613715474422,
    0.0469870799436019,
    0.04697900222471127,
    0.046900516089338526,
    0.046652006988341994,
    0.04632427328481124,
    0.04594035274707354,
    0.04554773809818121,
    0.04517278691323904,
    0.044872298693427674,
    0.04464324835974436,
    0.04445441640340365,
    0.0442818350230272,
    0.04412520848787748,
    0.04397067642555787,
    0.043820298921603426,
    0.043669965404730574,
    0.04355798561412554,
    0.04346970740992289,
    0.04339229473127769
  ],
  "epochs": 20,
  "training_info": {
    "start_epoch": 50,
    "final_epoch": 20,
    "is_current_run_only": true
  }
}