{
  "train_losses": [
    0.06389899188798154,
    0.017381243349518627,
    0.011316686715872493,
    0.006659875922196079,
    0.0057518366193107795,
    0.005681441281922162,
    0.005650007569784066,
    0.005618339822831331,
    0.005584090111369733,
    0.005530933260160964,
    0.005623610471957363,
    0.005338316928828135,
    0.005073428728792351,
    0.004760822352182004,
    0.00448505996428139,
    0.004321637539760559,
    0.004245094789439463,
    0.004207055544611649,
    0.004183007789833937,
    0.004164688987657428,
    0.0042052272910950705,
    0.00412003715064202,
    0.004099492203749833,
    0.0040837519209162565,
    0.004070453092936077,
    0.004058199550854624,
    0.004046292478960822,
    0.004035215166368289,
    0.004024725341878366,
    0.004014313339212094,
    0.004129042470594868,
    0.004033682098452118,
    0.00401660942043236,
    0.004001334726126515,
    0.003985448498497135,
    0.003968742057622876,
    0.003950537238779361,
    0.003930871345801279,
    0.003909143966666306,
    0.0038848263247928116
  ],
  "test_losses": [
    0.022719405878048677,
    0.01702115788625983,
    0.009354065566395339,
    0.006396777444304182,
    0.006254509897329486,
    0.006252789619163825,
    0.006242854932609659,
    0.006217634305357933,
    0.0061714486218988895,
    0.006087080575525761,
    0.005624326393724634,
    0.005355970092261067,
    0.0049783297133846926,
    0.004533586871380417,
    0.004266309247423823,
    0.004143941699742124,
    0.004092806162169347,
    0.00406573919686847,
    0.00404834240460052,
    0.0040363239016957,
    0.0046155991193910055,
    0.004551175695199233,
    0.004513360747995858,
    0.0044825207621145705,
    0.004457531478972389,
    0.004436721317828274,
    0.004417566421370094,
    0.00439993329704381,
    0.0043876199051737785,
    0.004373152910445172,
    0.004387244089649847,
    0.004345088364341511,
    0.004326414218387351,
    0.004312029090495064,
    0.004295306513085961,
    0.004275862449923387,
    0.0042489663464948535,
    0.0042139851273252414,
    0.00417337879144515,
    0.004130600253120065
  ],
  "mae_scores": [
    0.1223797660607558,
    0.10507386091810006,
    0.07691929317437686,
    0.0635358987805935,
    0.06280859717382835,
    0.06279907905711578,
    0.06274219158177193,
    0.06259793816850735,
    0.06234493737037365,
    0.061890085299427695,
    0.05957105856102247,
    0.058054888334411844,
    0.05587520049168514,
    0.053182826878932804,
    0.05152480132304705,
    0.05079263878556398,
    0.050520541289677985,
    0.0503983973310544,
    0.050330283120274544,
    0.05028782971203327,
    0.053840042306826666,
    0.05353246485957733,
    0.05333244270430161,
    0.053159005080278106,
    0.05301657476677345,
    0.05289624488124481,
    0.052781025520884074,
    0.052675752399059445,
    0.052602360025048256,
    0.05251213048513119,
    0.05252209219795007,
    0.0522934661175196,
    0.05222473522791496,
    0.05216296260746626,
    0.05207842789017237,
    0.051965489553717464,
    0.05179320118175103,
    0.05156294414057182,
    0.05128832104114386,
    0.05098604855055992
  ],
  "epochs": 40,
  "training_info": {
    "start_epoch": 30,
    "final_epoch": 40,
    "historical_epochs": 30,
    "new_epochs": 10
  }
}