{
  "train_losses": [
    0.002856496821550536,
    0.002745403866356355,
    0.002722358158280258,
    0.00270006282516988,
    0.0026772723304020474,
    0.002654402186635707,
    0.0026314221977372654,
    0.0026072201117131044,
    0.0025823816449701553,
    0.0025565657279003062,
    0.002530130066588754,
    0.002503439746760705,
    0.0024771350181254093,
    0.002451982234561001,
    0.0024275798723465414,
    0.0024042172781264526,
    0.002382599826887599,
    0.002362943839216314,
    0.002345357305785001,
    0.002329789047507802,
    0.0023155833087002975,
    0.0023027627330520772,
    0.0022914485161891207,
    0.002280919623444788,
    0.00227079148953635,
    0.002260930080410617,
    0.0022517148636325146,
    0.0022427560506912414,
    0.0022342433367157355,
    0.0022260828236539965
  ],
  "test_losses": [
    0.002881976131063241,
    0.0028720945567609025,
    0.002859457440745945,
    0.002843135520099447,
    0.0028207803127140952,
    0.002794020764458065,
    0.002761341335896689,
    0.0027242536352087674,
    0.002687553525902331,
    0.0026517802079279837,
    0.0026212813816248225,
    0.0025964347968021263,
    0.0025764568887937525,
    0.002560567818223857,
    0.0025454469275875734,
    0.00253162608267023,
    0.002520049393821794,
    0.002505283690809917,
    0.0024924357645571805,
    0.0024783026041964498,
    0.002464903751388192,
    0.002451825770549476,
    0.002441661199554801,
    0.0024306883211605824,
    0.0024201308977073776,
    0.0024093469210828724,
    0.0024007915143066873,
    0.0023917603046776583,
    0.002384359531928427,
    0.0023795522641963684
  ],
  "mae_scores": [
    0.04151489771902561,
    0.0414459860095611,
    0.04136239307431074,
    0.04124271454146275,
    0.04108101659669326,
    0.04089252564769525,
    0.04066221057795561,
    0.040403320239140436,
    0.040145863563968584,
    0.039886085889660396,
    0.03965912229166581,
    0.03946942735749941,
    0.039310393281854115,
    0.039185975606624894,
    0.03905536807500399,
    0.038942465701928504,
    0.03885885485662864,
    0.03873279318213463,
    0.03863264305087236,
    0.03851585219112726,
    0.038408611399623066,
    0.03830464298908527,
    0.03823401363423237,
    0.038146733664549314,
    0.03806575230107857,
    0.037982151915247626,
    0.03791995217593817,
    0.03785121268950976,
    0.03779941209806846,
    0.03777281022988833
  ],
  "epochs": 30,
  "training_info": {
    "start_epoch": 70,
    "final_epoch": 30,
    "is_current_run_only": true
  }
}