{
  "train_losses": [
    0.001596261233316909,
    0.0015172042767517269,
    0.0015107028657439514,
    0.001506472713117546,
    0.0015029088744995533,
    0.0015003092430561082,
    0.0014975285566833918,
    0.0014953776490074233,
    0.0014933030442989548,
    0.001491244411226944,
    0.0014892465396769694,
    0.0014874280077492585,
    0.0014854344444756862,
    0.0014840009507679497,
    0.0014820239384789602,
    0.0014802389005126315,
    0.0014785256507821032,
    0.0014767511956961243,
    0.0014751680719200522,
    0.0014736206067027524
  ],
  "test_losses": [
    0.001431414038121987,
    0.0014280330506153405,
    0.0014263069382510507,
    0.0014244189638142975,
    0.0014230700326152146,
    0.001421767627247251,
    0.0014206474118579465,
    0.0014191136758129757,
    0.001418531751439262,
    0.0014167582669940132,
    0.0014155476461522854,
    0.0014137962224105229,
    0.001412959406689669,
    0.001411916101530481,
    0.0014106242451816797,
    0.001409351857056698,
    0.0014081800607247995,
    0.0014076050764952714,
    0.0014063983063141888,
    0.001404815362408184
  ],
  "mae_scores": [
    0.02896022144705057,
    0.028939896621383153,
    0.02891982404085306,
    0.028897287825552318,
    0.028883108152793005,
    0.028868659686010618,
    0.028856739258536927,
    0.028838466566342574,
    0.02883266922659599,
    0.028812826037980042,
    0.028800305910408497,
    0.028778700086359795,
    0.028767912576978024,
    0.02875595038326887,
    0.028741381131112576,
    0.028726277586359244,
    0.02871266587709005,
    0.028704422239500742,
    0.02868993293780547,
    0.0286713820667221
  ],
  "epochs": 20,
  "training_info": {
    "start_epoch": 240,
    "final_epoch": 20,
    "is_current_run_only": true
  }
}